{
  "success": true,
  "code": 200,
  "message": "success",
  "data": [
    {
      "menuId": "1",
      "name": "系统管理",
      "type": 1,
      "title": "一级菜单",
      "group": "01",
      "children": [
        {
          "menuId": "2",
          "name": "校区信息管理",
          "type": 2,
          "title": "二级菜单",
          "group": "01",
          "children": [
            {
              "type": 3,
              "add": [
                {
                  "name": "添加",
                  "group": "01",
                  "id": "3"
                },
                {
                  "name": "删除",
                  "group": "01",
                  "id": "4"
                },
                {
                  "name": "删除",
                  "group": "01",
                  "id": "5"
                },
                {
                  "name": "删除",
                  "group": "01",
                  "id": "6"
                }
              ]
            }
          ]
        },
        {
          "menuId": "6",
          "name": "学生信息管理",
          "group": "01",
          "type": 2,
          "children": [
            {
              "type": 3,
              "add": [
                {
                  "name": "添加",
                  "group": "01",
                  "id": "7"
                },
                {
                  "name": "删除",
                  "group": "01",
                  "id": "8"
                },
                {
                  "name": "删除",
                  "group": "01",
                  "id": "9"
                },
                {
                  "name": "删除",
                  "group": "01",
                  "id": "10"
                }
              ]
            }
          ],
          "title": "二级菜单"
        },
        {
          "menuId": "29",
          "name": "学生信息管理",
          "group": "01",
          "type": 2,
          "title": "二级菜单",
          "children": [
            {
              "type": 3,
              "add": [
                {
                  "name": "添加",
                  "group": "01",
                  "id": "11"
                },
                {
                  "name": "删除",
                  "group": "01",
                  "id": "12"
                }
              ]
            }
          ]
        },
        {
          "menuId": "13",
          "name": "学生信息管理",
          "group": "01",
          "type": 2,
          "children": [],
          "title": "二级菜单"
        },
        {
          "menuId": "14",
          "name": "培养方案管理",
          "group": "01",
          "title": "二级菜单",
          "type": 2,
          "children": []
        },
        {
          "menuId": "15",
          "name": "课程开课管理",
          "title": "二级菜单",
          "group": "01",
          "type": 2,
          "children": []
        }
      ]
    },
    {
      "menuId": "16",
      "name": "培养管理",
      "type": 1,
      "title": "一级菜单",
      "group": "02",
      "children": [
        {
          "menuId": "17",
          "name": "基础数据维护",
          "group": "02",
          "type": 2,
          "children": [],
          "title": "二级菜单"
        },
        {
          "menuId": "18",
          "name": "学生信息管理",
          "group": "02",
          "type": 2,
          "children": [],
          "title": "二级菜单"
        },
        {
          "menuId": "19",
          "name": "培养方案管理",
          "group": "02",
          "title": "二级菜单",
          "type": 2,
          "children": []
        },
        {
          "menuId": "20",
          "name": "课程开课管理",
          "title": "二级菜单",
          "group": "02",
          "type": 2,
          "children": []
        },
        {
          "menuId": "21",
          "group": "02",
          "name": "学生培养计划",
          "type": 2,
          "title": "二级菜单",
          "children": []
        }
      ]
    },
    {
      "menuId": "22",
      "name": "其他管理",
      "type": 1,
      "title": "一级菜单",
      "group": "03",
      "children": [
        {
          "menuId": "23",
          "name": "基础数据维护",
          "group": "03",
          "type": 2,
          "children": [
            {
              "type": 3,
              "add": [
                {
                  "name": "添加",
                  "group": "03",
                  "id": "24"
                },
                {
                  "name": "删除",
                  "group": "03",
                  "id": "26"
                },
                {
                  "name": "修改",
                  "group": "03",
                  "id": "27"
                }
              ]
            }
          ],
          "title": "sadscd级菜单"
        }
      ]
    }
  ]
}