{
    "success": true,
    "code": 200,
    "message": "success",
    "data": [
      {
        "menuId": "1",
        "name": "系统管理",
        "type": 1,
        "title":"一级菜单",
        "group":"01",
        "children": [
          {
            "menuId": "2",
            "name": "校区信息管理",
            "type": 2,
            "title":"二级菜单",
            "group":"01",
            "children":[{
                "type":3,
                "add":[{
                    "name":"添加",
                    "id":"3",
                    "group":"01"
                },
                {
                    "name":"删除",
                    "group":"01",
                    "id":"4"
                },
                {
                    "name":"导出",
                    "group":"01",
                    "id":"5"
                },
                {
                    "name":"重置",
                    "group":"01",
                    "id":"6"
                }]
            }]
          },
          {
            "menuId": "7",
            "group":"01",
            "name": "组织机构管理",
            "title":"二级菜单",
            "type": 2,
            "children":[{
                "type":3,
                "add":[{
                    "name":"添加",
                    "group":"01",
                    "id":"8"
                },
                {
                    "name":"删除",
                    "group":"01",
                    "id":"9"
                }]
            }]
          },
          {
            "menuId": "10",
            "name": "楼栋信息管理",
            "group":"01",
            "title":"二级菜单",
            "type": 2,
            "children":[{
                "type":3,
                "add":[{
                    "name":"添加",
                    "group":"01",
                    "id":"11"
                },
                {
                    "name":"删除",
                    "group":"01",
                    "id":"12"
                }]
            }]
          },
          {
            "menuId": "13",
            "name": "教职工信息管理",
            "group":"01",
            "title":"二级菜单",
            "type": 2,
            "children":[{
                "type":3,
                "add":[{
                    "name":"添加",
                    "group":"01",
                    "id":"14"
                },
                {
                    "name":"删除",
                    "group":"01",
                    "id":"15"
                }]
            }]
          },
          {
            "menuId": "16",
            "group":"01",
            "name": "角色权限管理",
            "title":"二级菜单",
            "type": 2,
            "children":[{
                "type":3,
                "add":[{
                    "name":"添加",
                    "group":"01",
                    "id":"17"
                },
                {
                    "name":"删除",
                    "group":"01",
                    "id":"18"
                }]
            }]
          },
          {
            "menuId": "19",
            "name": "用户信息管理",
            "group":"01",
            "title":"二级菜单",
            "type": 2,
            "children":[{
                "type":3,
                "add":[{
                    "name":"添加",
                    "group":"01",
                    "id":"20"
                },
                {
                    "name":"删除",
                    "group":"01",
                    "id":"21"
                }]
            }]
          },
          {
            "menuId": "22",
            "name": "通知公告管理",
            "group":"01",
            "title":"二级菜单",
            "type": 2,
            "children":[{
                "type":3,
                "add":[{
                    "name":"添加",
                    "group":"01",
                    "id":"23"
                },
                {
                    "name":"删除",
                    "group":"01",
                    "id":"24"
                }]
            }]
          },
          {
            "menuId": "25",
            "name": "功能模块管理",
            "title":"二级菜单",
            "group":"01",
            "type": 2,
            "children":[{
                "type":3,
                "add":[{
                    "name":"添加",
                    "group":"01",
                    "id":"26"
                },
                {
                    "name":"删除",
                    "group":"01",
                    "id":"27"
                }]
            }]
          }

        ]
      },
      {
        "menuId": "02",
        "name": "培养管理",
        "type": 1,
        "title":"一级菜单",
        "group":"02",
        "children": [
          {
            "menuId": "28",
            "name": "基础数据维护",
            "group":"02",
            "type": 2,
            "children":null,
            "title":"二级菜单"
          },
          {
            "menuId": "29",
            "name": "学生信息管理",
            "group":"02",
            "type": 2,
            "children":null,
            "title":"二级菜单"
          },
          {
            "menuId": "30",
            "name": "培养方案管理",
            "group":"02",
            "title":"二级菜单",
            "type": 2,
            "children":null
          },
          {
            "menuId": "31",
            "name": "课程开课管理",
            "title":"二级菜单",
            "group":"02",
            "type": 2,
            "children":null
          },
          {
            "menuId": "32",
            "group":"02",
            "name": "学生培养计划",
            "type": 2,
            "title":"二级菜单",
            "children":null
          },
          {
            "menuId": "33",
            "name": "基础参数设置",
            "title":"三级菜单",
            "group":"02",
            "type": 2,
            "children":[{
                "type":3,
                "add":[{
                    "name":"添加",
                    "group":"02",
                    "id":"34"
                },
                {
                    "name":"删除",
                    "group":"02",
                    "id":"35"
                }]
            }]
          },
          {
            "menuId": "36",
            "group":"02",
            "title":"三级菜单",
            "name": "学院信息管理",
            "type": 2,
            "children":[{
                "type":3,
                "add":[{
                    "name":"添加",
                    "group":"02",
                    "id":"37"
                },
                {
                    "name":"删除",
                    "group":"02",
                    "id":"38"
                }]
            }]
          },
          {
            "menuId": "39",
            "name": "专业信息管理",
            "group":"02",
            "title":"三级菜单",
            "type": 2,
            "children":[{
                "type":3,
                "add":[{
                    "name":"添加",
                    "group":"02",
                    "id":"40"
                },
                {
                    "name":"删除",
                    "group":"02",
                    "id":"41"
                }]
            }]
          },
          {
            "menuId": "42",
            "group":"02",
            "name": "班级信息管理",
            "title":"三级菜单",
            "type": 2,
            "children":[{
                "type":3,
                "add":[{
                    "name":"添加",
                    "group":"02",
                    "id":"43"
                },
                {
                    "name":"删除",
                    "group":"02",
                    "id":"44"
                }]
            }]
          },
          {
            "menuId": "45",
            "name": "教室信息维护",
            "group":"02",
            "title":"三级菜单",
            "type": 2,
            "children":[{
                "type":3,
                "add":[{
                    "name":"添加",
                    "group":"02",
                    "id":"46"
                },
                {
                    "name":"删除",
                    "group":"02",
                    "id":"47"
                }]
            }]
          },
          {
            "menuId": "48",
            "name": "导师信息维护",
            "title":"三级菜单",
            "group":"02",
            "type": 2,
            "children":[{
                "type":3,
                "add":[{
                    "name":"添加",
                    "group":"02",
                    "id":"49"
                },
                {
                    "name":"删除",
                    "group":"02",
                    "id":"50"
                }]
            }]
          },
          {
            "menuId": "51",
            "name": "课程信息维护",
            "title":"三级菜单",
            "group":"02",
            "type": 2,
            "children":[{
                "type":3,
                "add":[{
                    "name":"添加",
                    "group":"02",
                    "id":"52"
                },
                {
                    "name":"删除",
                    "group":"02",
                    "id":"52"
                }]
            }]
          },
          {
            "menuId": "53",
            "name": "学位点信息维护",
            "group":"02",
            "title":"三级菜单",
            "type": 2,
            "children":[{
                "type":3,
                "add":[{
                    "name":"添加",
                    "group":"02",
                    "id":"54"
                },
                {
                    "name":"删除",
                    "group":"02",
                    "id":"55"
                }]
            }]
          },
          {
            "menuId": "56",
            "name": "新生数据维护",
            "title":"三级菜单",
            "type": 2,
            "group":"02",
            "children":[{
                "type":3,
                "add":[{
                    "name":"添加",
                    "group":"02",
                    "id":"57"
                },
                {
                    "name":"删除",
                    "group":"02",
                    "id":"58"
                }]
            }]
          },
          {
            "menuId": "59",
            "name": "学生信息管理",
            "title":"三级菜单",
            "group":"02",
            "type": 2,
            "children":[{
                "type":3,
                "add":[{
                    "name":"添加",
                    "group":"02",
                    "id":"60"
                },
                {
                    "name":"删除",
                    "group":"02",
                    "id":"61"
                }]
            }]
          }

        ]
      }
    ]
  }